CourseId,FacilityId,CourseName,City,State,Ranking
300626cc-6ce3-4698-b294-caf6863a35a4,D4862F8E-25E4-4B09-A296-31805486A430,Pursell Farms (FarmLinks),Sylacauga,AL,1
684101ea-fe99-48b4-9a15-bf1db63c3351,3151FD21-F4FE-4C60-82AD-FC88B9C7196F,Robert Trent Jones Golf Trail Capitol Hill (Judge),Prattville,AL,2
7a171aa3-b46c-4e75-8a20-535e0548ada6,8B621C11-3769-4E52-B7A3-DF8487CD5C69,Robert Trent Jones Golf Trail Grand National (Lake),Opelika,AL,3
37a3c407-5d3b-4b14-bfca-74ffeeb2d179,3151FD21-F4FE-4C60-82AD-FC88B9C7196F,Robert Trent Jones Golf Trail Capitol Hill (Legislator),Prattville,AL,4
08dc3b1f-d2c1-440f-ae4a-19601b537497,EB8A4BBA-F319-4537-8E3F-FFD7EDFED1BA,Robert Trent Jones Golf Trail (Ross Bridge),Hoover,AL,5
8ccd5fe8-2988-45a1-a03e-590f8b8a15ae,90BB59BA-09B6-43D9-AE90-93619C54C0DA,Robert Trent Jones Golf Trail Cambrian Ridge (Sherling/Canyon),Greenville,AL,6
9d1e3cb2-e94d-4f89-b74f-b6af59d94b6c,BC388181-DBCF-4E9F-B487-AAE0045464F2,Kiva Dunes,Gulf Shores,AL,7
8b4f0ec9-69ec-4456-b21f-0ff338a768be,1E0FAEDD-71EF-4C94-AA5F-0567C6BD35F8,Robert Trent Jones Golf Trail Magnolia Grove (Falls),Mobile,AL,8
ebe83794-928b-47f0-8a83-8f4587baebe4,8B621C11-3769-4E52-B7A3-DF8487CD5C69,Robert Trent Jones Golf Trail Grand National (Links),Opelika,AL,9
3ab4c99c-dd3e-4c6c-9d56-962ca29506f8,1E0FAEDD-71EF-4C94-AA5F-0567C6BD35F8,Robert Trent Jones Golf Trail Magnolia Grove (The Crossings),Mobile,AL,10
321e641d-c543-435e-9ea0-900a8e9d6de8,958892A5-FC03-4392-9351-BCC90BC168D6,Anchorage Golf Course,Anchorage,AK,1
cfa0a17c-d021-4a8e-9711-a28d41282039,5992A260-080D-4F99-A72A-96DF1A61824D,Settlers Bay,Wasilla,AK,2
714f4a9e-531e-4cd5-9c02-843236dd1550,14B64734-A750-4070-A4CF-54C9446A8EF0,Chena Bend,Fairbanks,AK,3
1acef68e-a47e-438f-8f6f-6389c2de0d0a,4A9C705C-AF8E-47F9-8D68-9B7F7B8B8C00,Moose Run (Creek),Fort Richardson,AK,4
9b0f2538-cf04-448a-b395-60292a7a87f8,44A880A9-7886-4B90-9E52-B8CAAC9EB529,Palmer Golf Course,Palmer,AK,5
3f9cc30c-32b5-4c12-bbf5-d14af9105f3c,25F4C05A-869C-403F-A5C0-8B05B20B7C32,We-Ko-Pa (Saguaro),Fort McDowell,AZ,1
46b44c85-98b7-4216-9615-a76fd04d9ea9,46B56720-3099-4B90-9E73-D88AADE97066,Quintero,Peoria,AZ,2
4df804b9-f88c-4ad1-878c-0db8d740ef23,48B9E391-8B9B-4D92-9683-549175FDCF32,Wickenburg Ranch (Big Wick),Wickenburg,AZ,3
1919d911-9b39-4d19-a532-4231d21f6321,439E1B3D-D354-4EDE-BCD9-75EB71C35E88,TPC Scottsdale (Stadium),Scottsdale,AZ,4
149de048-a0d3-4649-90fa-3a735caa516b,6494DD00-D902-46AA-8F3B-4067BC925E98,Golf Club at Dove Mountain (Saguaro/Tortolita),Marana,AZ,5
8cfef137-b9f9-42d3-8553-32ade78f648d,B337B83D-76D6-49A1-A7AF-8D26A4190C88,Ak-Chin Southern Dunes,Maricopa,AZ,5
d80b1b4f-4e1d-4017-abe9-b83569465e6e,86D06060-5730-4508-AB4E-03A9D33950F3,Troon North (Monument),Scottsdale,AZ,7
4fde9e3c-9609-47b5-87de-53929a6bcb0c,922DB70D-77DA-4DC2-8126-FC744CCB8D3E,Grayhawk (Raptor),Scottsdale,AZ,8
2179c312-4744-41d0-bb91-6c0ba2b57898,0AD602C4-CA68-4273-AC94-1F19B032FB97,Ventana Canyon (Mountain),Tucson,AZ,8
b51d41d1-353f-4821-933f-b396df706d60,922DB70D-77DA-4DC2-8126-FC744CCB8D3E,Grayhawk (Talon),Scottsdale,AZ,10
3a4cc0c9-3451-48db-afdd-0942d2a9d01a,25F4C05A-869C-403F-A5C0-8B05B20B7C32,We-Ko-Pa (Cholla),Fort McDowell,AZ,11
6da0ef5c-5b18-4e73-a0ad-529e193d5222,3A74B10B-9E45-48C4-9D42-9475E3ABCB7B,Laughlin Ranch,Bullhead City,AZ,12
689c6d96-73b1-4290-900c-a99ee3142225,86D06060-5730-4508-AB4E-03A9D33950F3,Troon North (Pinnacle),Scottsdale,AZ,13
8a5063cf-c95d-470f-9aa1-3c52a60f28cf,CF7265DB-785A-4FAD-BF69-4C45C20435C6,Whirlwind (Devil's Claw),Chandler,AZ,14
2dc0f2f5-1e68-4a4a-9245-c1c77545c255,C75F73B2-4DDD-423F-B3FA-C97507BF27AC,Boulders Resort (North),Carefree,AZ,15
3e7973f7-c103-41ee-beba-1113a8c32f9c,B9025D7B-6822-4EDF-AFB0-DD5F2C2F64BA,Wildfire at JW Marriott Phoenix Desert Ridge (Faldo Championship),Phoenix,AZ,15
ecd095d5-9686-4bf4-abb0-646020c37aa7,6743E784-3054-429D-A8C5-85D956B42224,Gold Canyon Golf Resort (Dinosaur Mountain),Gold Canyon,AZ,17
e7a68123-61a5-4e50-a3a0-56a3b3fc21c2,CF7265DB-785A-4FAD-BF69-4C45C20435C6,Whirlwind (Cattail),Chandler,AZ,17
5e46bd5d-1920-496d-aaa7-b0928d834759,C75F73B2-4DDD-423F-B3FA-C97507BF27AC,Boulders Resort (South),Carefree,AZ,19
c85cc7e1-619a-48cf-b0e4-bd6c199e1acf,88783FA2-3C7A-4C5B-9283-EFA9208EB42B,Los Caballeros,Wickenburg,AZ,20
e1bc6f2d-df2f-42c3-98b7-eeb6e7d4baff,65056054-9627-463B-A240-886A5C39A26E,Las Sendas,Mesa,AZ,21
caab3ccc-4adf-4014-93b9-013c49c192b6,C2102D54-9E8B-4348-B46B-6D2617D49687,Raven,Phoenix,AZ,22
9f82cea3-c1dc-4c99-82cf-69aa214ae80c,439E1B3D-D354-4EDE-BCD9-75EB71C35E88,TPC Scottsdale (Champions),Scottsdale,AZ,23
3dedcbf2-aa09-4c39-9e3d-4d9a72f61d51,0CABC75E-4384-4675-9472-93D0D0B67673,Legacy,Phoenix,AZ,23
2db3414d-1eac-4ad6-85d1-cf35ffcfd6bb,570A700C-8AED-4B22-A7E0-8DD02B31216F,Arizona National,Tucson,AZ,25
06302b85-0822-45e8-ab3b-3e1818893be2,87510748-A97F-4BC8-A2A0-D26E41ADBB43,Verrado (Founders),Buckeye,AZ,26
8bceac18-6999-4354-b17b-c2cebc4f92c9,BBACE5CB-CF5A-455F-A232-603F90438C39,Longbow,Mesa,AZ,27
7b284d73-01cd-4cc2-ad18-83a124d171d3,43103D8F-0C51-45FD-B09C-356F8B9ED4A8,La Paloma (Ridge/Canyon),Tucson,AZ,28
e088cf0c-fad9-4b19-a540-512ec2b75da5,3B5E28FD-555F-4EB9-A51F-484DD50D06DD,Camelback (Ambiente),Scottsdale,AZ,28
a9e1c4c3-e498-46e5-be6b-daae739b2952,DD6AF42D-2713-4A66-A97C-4211EE231386,Wigwam (Gold),Litchfield Park,AZ,30
fad1e14f-c25f-42cb-89c6-97fc36ebaad6,99A8FA99-68B6-43C2-A796-79ABEBCF3D8D,Mystic Creek,El Dorado,AR,1
0ced2861-286e-49a4-a7d4-4ff96000a63f,8D473806-70B7-4462-BCA4-A2FD1B7D49DC,The Ridges at Village Creek,Wynne,AR,2
daede798-0183-4562-8c14-44a6f7be9506,0C00F826-7188-4837-B0A8-A0DBFA0C735C,Hot Springs Country Club (Arlington),Hot Springs,AR,3
2ef62c15-610d-44a8-a009-71496bc8333d,F673DE3D-158E-4D28-8C98-486EAA6C50A8,Mountain Ranch,Fairfield Bay,AR,4
b3a1a4a9-c0c3-4ab4-9624-7b91cb0b5621,57EEE340-8AF6-4C66-96B3-9C25BD8528C5,Big Creek,Mountain Home,AR,5
35da8375-852a-4096-ad76-6532dc3cb321,0F87D368-FE8B-4091-B67D-E3D6295A4753,Pebble Beach Resorts (Pebble Beach Golf Links),Pebble Beach,CA,1
6c225609-6bda-43e2-a085-57bf6c81b264,A632EE84-7BA7-4501-975A-2217C0DD11C9,Pasatiempo,Santa Cruz,CA,2
e6076877-b07a-41dd-90f1-8e5bc841710c,C833E3C4-1D1D-4B4D-BD28-3294B249CBE5,Pebble Beach Resorts (Spyglass Hill),Pebble Beach,CA,3
acb7d53f-dc84-44e6-bce3-ad12e0d4e4be,A9385285-75BA-4257-AFE9-4B2E6E93E554,Torrey Pines (South),San Diego,CA,4
5757832a-f284-4d7a-9b0f-0cd3489f7f47,08EE7B4C-7623-441A-9E94-4B920FCF6F07,Rustic Canyon,Moorpark,CA,5
1dfffb94-d08c-4d05-837c-33ca58de3182,2145CF71-E757-46B1-A5FB-50DD0B876864,Yocha Dehe at Cache Creek Casino,Brooks,CA,5
19db6ef1-73e5-469d-b7af-c477dec596f6,209AE1DE-EE06-472C-929C-E94D864D0C96,Pebble Beach Resorts (Links at Spanish Bay),Pebble Beach,CA,7
e542ad02-8ff1-4261-92ab-981202cfec37,1ADD4E21-F786-4222-8A8E-296E5C2477FA,Rams Hill,Borrego Springs,CA,8
b9e6ce6f-396a-4b62-af6b-d54558a4d835,21EB0363-71E4-435C-890C-8DD14A68E1A9,CordeValle,San Martin,CA,8
afc1a3fc-f093-4f51-a51b-67c8fe464c08,A9385285-75BA-4257-AFE9-4B2E6E93E554,Torrey Pines (North),San Diego,CA,10
32ffbeb9-1fc5-4e42-9851-a8e1e0ce25a3,D1451999-E35B-4ED4-8E56-1FB5641824FB,PGA West (Stadium),La Quinta,CA,11
e5c0d338-6bda-4a59-b10c-09101ed8ef51,4E214765-D632-4529-AF3E-9BF1A4FF7B63,Poppy Hills,Pebble Beach,CA,12
1bf61e1c-25f7-4e3e-a34f-37099a2a12ef,27280D24-E8A9-4946-9828-A0A95D8E6545,Pelican Hill (Ocean South),Newport Coast,CA,13
6c3528ac-a850-4e57-82df-12e29f5fc8e6,27280D24-E8A9-4946-9828-A0A95D8E6545,Pelican Hill (Ocean North),Newport Coast,CA,13
51e166f3-e172-4de2-9ee4-bb3b2ef63d0c,8255807C-AD87-446E-9929-890B072800E7,Bayonet,Seaside,CA,15
f3b0bb72-1bff-4fb6-ad0c-adc302f67104,92AB0DFF-E95D-4F52-8873-FC3C0B8AA5F1,Trump National Los Angeles,Rancho Palos Verdes,CA,16
ac29c9cd-0328-4a78-a76f-ffbd342717d4,B8957F4F-AD99-43E0-B5B5-C650964AB503,Quail Lodge and Golf Club,Carmel,CA,17
da7bcb73-207e-40af-8e7a-41912fe07a92,D1451999-E35B-4ED4-8E56-1FB5641824FB,PGA West (Nicklaus),La Quinta,CA,17
b34f6804-acb3-44aa-ab6d-9dfa771ccdd1,772FB543-4DE8-4280-851F-EE85E6E11838,Fairmont Grand Del Mar (The Grand),San Diego,CA,19
abb9b317-6e0c-4fef-9b5f-d5fe3906f4e4,C7062566-39AB-472B-82AB-F089010ACE02,Maderas,Poway,CA,20
42c1455a-b1b4-4ed7-adfe-9507a0684be7,25AA63F6-09CF-4B0D-B69C-B557680A7BD3,TPC Harding Park,San Francisco,CA,21
cf4d8085-6cd6-463a-b711-e4fe4adc9826,654EEF44-D1D4-4DBF-9017-6E32B1F3A2C8,Desert Willow (Firecliff),Palm Desert,CA,21
cc29e9d1-3695-41c9-8340-7f98f06f62c3,1C69BBB3-D68E-4BE2-8640-AFEB08703894,Soule Park,Ojai,CA,23
05a6487b-aaa7-48f9-b0a5-075b4b0efb1b,1693C429-E0B4-41B7-AFEE-05594677F8D1,Park Hyatt Aviara GC,Carlsbad,CA,23
fbf23e90-ddc9-460c-bca7-56500ec05332,C1F13CF8-6FC7-46BD-98E7-076A853E98E0,Tahoe Mountain Club (Old Greenwood),Truckee,CA,25
4ee7c1e2-54ae-439a-91b0-69a5a00f16d4,54C9DC51-08BC-4059-BFFE-18A928460D10,Oak Quarry,Riverside,CA,26
8baa9fe6-62a2-4255-a783-950d1091f421,315BB996-22A9-40B3-9724-EA4E3889AE36,Whitehawk Ranch,Clio,CA,26
e0f8b0ed-db7f-4187-bdc9-61b0fe6822e1,054C4328-F4DF-46FE-BC93-D5307BA8EDDF,La Purisma,Lompoc,CA,28
9873f4a7-cc90-4d99-b453-c7ab789fa8bd,0D75FADF-BF0E-4CA1-80E7-B133A2717EA3,Fantasy Springs (Eagle Falls),Indio,CA,29
27f3a6e3-f3a1-463a-a367-df16e444d470,2A77205E-EBAA-4D61-98EA-D3CBB35EF9B2,Classic Club,Palm Desert,CA,30
32acf805-33dd-4677-be17-61d996ba2aa7,6804B338-A500-4F32-ABD1-02A3D04D3491,The Broadmoor (East),Colorado Springs,CO,1
317ca3e8-7052-4f82-98c9-08b86ab2ebde,70263FDA-9C61-4636-ACA6-9AD13CA2B1DA,Redlands Mesa,Grand Junction,CO,2
ebba76fe-d24e-45f6-b306-5a9ff9eaee9a,D4FE869E-91CF-4153-AAC6-80C7ED9621C7,Red Sky (Fazio),Wolcott,CO,3
2159b2c6-44cf-412f-bb19-98f4ad0f26bb,D4FE869E-91CF-4153-AAC6-80C7ED9621C7,Red Sky (Norman),Wolcott,CO,4
f7b98cf6-ffc7-4082-b5ba-62bf5856184b,A9ED1D69-9E63-4D8C-BFEF-1409ABB1031E,Bear Dance,Larkspur,CO,5
53b4b11b-be2b-48d6-9ca2-c1b4721ecfea,75E1026A-04C7-45F1-8C35-02AD9A6CFDE3,RainDance National,Windsor,CO,6
d6c89c32-eb9c-4e96-a999-c8a499347b3a,45A2386F-10B7-4312-AE37-E23C596C99C2,CommonGround,Aurora,CO,7
8af046ff-e48d-4103-beb0-6d984205b65f,97066558-66BD-471E-A60D-77B2222273A0,TPC Colorado,Berthoud,CO,8
c04ebf65-3337-41de-a7d8-9dc8f376523d,6804B338-A500-4F32-ABD1-02A3D04D3491,The Broadmoor (West),Colorado Springs,CO,9
08057db4-1d95-4927-90ea-78f7169d19df,A0D6B3D5-DC5A-4401-BE2C-4A8489241843,River Valley Ranch,Carbondale,CO,10
9c107bde-7c3c-483f-8d08-dbfdd3fe09f3,641DDE75-0C7D-4A13-9BC7-EAA072A2A920,Keney Park,Hartford,CT,1
88a918ec-b2dc-42ac-bf88-3538d1be5dc9,F3F695A3-648D-4554-BC2D-ECFBA4B8EFB5,Wintonbury Hills,Bloomfield,CT,2
774258ad-5a90-412e-9163-e39489a95ac8,658799B3-42A8-4744-8B98-A58B7DCBCAC0,Great River,Milford,CT,3
e2504a3a-9964-4dd2-adaa-5f3b8a2a35be,AA389CB8-0F23-4538-92DD-C465DE9F12D9,Shennecossett,Groton,CT,4
4f2908c9-5f21-4171-9978-978a261893ee,E95C568F-BB8B-4B7E-A1E0-AD42F20452C1,Lake of Isles (North),North Stonington,CT,5
2f448571-6e4d-42f0-9824-10a8a3a41519,389A6EC4-2638-4AD0-853A-5ECE8941C325,Hotchkiss,Lakeville,CT,6
bae85689-6f22-490f-96b1-044e5b037a32,C7D94AD6-B739-4006-BA92-0800357936D8,Richter Park,Danbury,CT,7
121ccde0-e0cb-444e-afa7-3cbfa71cafd6,81EC30BA-8009-4C1A-93AB-3CE4A61D17E8,Gillette Ridge,Bloomfield,CT,8
c32d775b-a21a-40a0-b359-ed4ab1c970dc,C9730608-7772-4428-A800-6886721FB06C,Oxford Greens,Oxford,CT,9
f7e5d37a-d515-4523-b543-38d732c3e984,78C68706-42F0-46A6-9D4C-342414874714,Mohegan Sun,Baltic,CT,10
e7f59bc4-8266-4db0-84b4-a29a349c10a6,CC89E456-80FA-4D12-93BD-2350795CDFF3,Plantation Lakes,Millsboro,DE,1
fedbc922-f054-49be-ab8f-17d401313b08,D8CA0995-E849-48CC-8E11-1DBD00C40A58,Bayside Resort,Selbyville,DE,2
06ab844c-05aa-4002-ba99-7e1964c5b20e,91E77C32-91E8-42CC-9CB8-ABE8724F3131,Baywood Greens,Long Neck,DE,3
531304f9-9ede-4b79-88c0-29f9d4ce6541,41DC5BE8-F829-4C61-92AF-7D214FE98B10,White Clay Creek,Wilmington,DE,4
acfbfc6e-16d1-426a-8c66-90ae0c482516,704D5C11-2393-481A-BEEB-879BD4BDDCA1,Rock Manor,Wilmington,DE,5
0f2b2bbe-3829-4927-914a-fffc64fc1d17,2CF64E28-918D-4E3F-92E1-B6C3E7F5EB2A,TPC Sawgrass (Players Stadium),Ponte Vedra Beach,FL,1
2b4f9c67-d7e3-4dfb-ad34-5fa5dac3489b,D2E591E8-CE51-40EF-9398-63FC5DCEF790,Streamsong (Red),Bowling Green,FL,2
9fa5b37d-2728-49d9-9d2f-90bd309a6375,D2E591E8-CE51-40EF-9398-63FC5DCEF790,Streamsong (Blue),Bowling Green,FL,3
dc6b171c-a05e-4375-b087-b67e69e785ab,D2E591E8-CE51-40EF-9398-63FC5DCEF790,Streamsong (Black),Bowling Green,FL,4
,,The Park West Palm,West Palm Beach,FL,5
3a251d47-8b64-42c6-bbe8-5e33d0fe94fa,ac6aa993-c15e-4fb8-aa6a-bda872330468,Cabot Citrus Farms (Karoo),Brooksville,FL,6
15353f81-6306-416c-a863-9888c8e09efb,6ED0BC87-B6A7-4AD6-8B7B-6CE9CB8688D5,Bay Hill Club and Lodge,Orlando,FL,7
effe7990-8170-4bb1-a1a8-7aeceafe3bbe,AB5D8976-72FC-4898-A1DC-D61EF0D71509,PGA National Resort (Champion),Palm Beach Gardens,FL,8
407fa16d-845a-4598-815e-7e7a8c6a0be3,386391B0-B87D-4293-9090-BB53BD2932E7,Innisbrook (Copperhead),Palm Harbor,FL,9
b88c5328-91a5-4510-9d9b-4ec981cb42ca,99A34ED1-9087-4A65-BEBB-4DE462F9E69F,Trump National Doral Miami (Blue Monster),Miami,FL,10
ab721869-0dae-4d86-8be6-0c6e541511ea,65A0BD00-F134-417E-961B-F583DFF85009,Hammock Beach Resort (Ocean),Palm Coast,FL,11
cbac1477-b433-4928-8a71-5bc41954b36c,30FB01F4-7706-429E-A198-DEAFF85498A7,Camp Creek,Watersound,FL,12
277f8d61-d45b-4f98-82f0-55d325677d73,65A0BD00-F134-417E-961B-F583DFF85009,Hammock Beach Resort (Conservatory),Palm Coast,FL,13
d9237eff-fddd-4061-a332-44946a0d7b1d,2CF64E28-918D-4E3F-92E1-B6C3E7F5EB2A,TPC Sawgrass (Dye's Valley),Ponte Vedra Beach,FL,14
25081041-169d-413b-9df4-4d230890038b,444517E8-BB0B-4B24-B2F4-62CF886722C8,PGA Golf Club (Dye),Port St. Lucie,FL,15
15a351cf-9200-4753-a4ed-a51c5f401704,604155C0-13FD-46CC-8969-1C3C9AAF57B8,Juliette Falls,Dunnellon,FL,16
095dc944-7b42-43d6-8cd0-4ebd75e848eb,E03B57B4-DA2D-4ED3-ACAA-93F00B70B2F5,Southern Dunes,Haines City,FL,17
dc855201-be5a-4670-8bb8-1365d90453ca,4FFD65E1-D5EC-44E1-AAFD-94CC6216C0C3,Sandestin (Burnt Pine),Miramar Beach,FL,18
1262dbe4-5ccb-4aca-9335-3dc4d6f493ac,444517E8-BB0B-4B24-B2F4-62CF886722C8,PGA Golf Club (Wanamaker),Port St. Lucie,FL,19
7b2581fc-8aeb-46ee-a405-2abc8bbc8446,F4E6417B-0632-493E-B37B-626450A97A51,JW Marriott Marco Island (Hammock Bay),Naples,FL,20
1480ca22-b475-41df-8f84-0347b4705691,0FAC2594-01E1-43A2-99A7-53AA2D6F0F83,JW Marriott Miami Turnberry (Soffer),Aventura,FL,21
a14c616f-7e85-4371-9840-e0ccbedc775e,6D981B63-1374-448F-9268-E2036D95A038,Orange County National (Panther Lake),Winter Garden,FL,22
21274539-51bc-4d27-9ffa-2c62e87bd6de,7E6B2FD4-1663-4151-BE61-70F102AFA940,Gasparilla Inn & Club,Boca Grande,FL,23
9ba1397b-f2a6-4015-a397-c299a5cba3ef,1F4D5D76-0472-4888-BDB7-24129319C11D,Ponte Vedra Inn & Club (Ocean),Ponte Vedra Beach,FL,24
4c2c5a8f-806c-4b56-b60e-36401cf74c29,1D365358-D374-4861-93FB-EB5E23220E90,Crandon Park,Key Biscayne,FL,25
0fbe1fd1-1c08-4d48-9baa-f5c8fc236df1,99A34ED1-9087-4A65-BEBB-4DE462F9E69F,Trump National Doral Miami (Golden Palm),Miami,FL,26
0a851852-b840-4811-a84d-1789d5ad8d7a,05942D06-4367-4F4A-AE19-4ED0EF2EC9BB,Deer Creek,Deerfield Beach,FL,27
ccfa0de1-6fe7-40b1-8538-d52c112e4d33,5F6C98B0-0B96-4E15-8B4E-0B1F56850A95,Mission Inn Resort (El Campeon),Howey-in-the-Hills,FL,28
e487214a-1fdc-4956-8237-63093ebbd881,A4F56E68-8E3F-4AA9-A85A-CB85D4846E73,Kelly Plantation,Destin,FL,29
615b517e-1a49-41b3-b39e-fe90ffa4813d,0AC0D059-5905-4E0F-B4C2-3FA822C23032,World Golf Village (King & Bear),St. Augustine,FL,29
dfb82d0a-6716-4220-b11c-9184e3854473,6D981B63-1374-448F-9268-E2036D95A038,Orange County National (Crooked Cat),Winter Garden,FL,29
7648af83-ac7a-4dfa-ba8e-772e2f377c78,59AC66CB-BE42-43E1-939E-B0B61F1BD556,Sea Island (Seaside),St. Simons Island,GA,1
e1e50b73-20dd-4894-9868-d0389c9061c3,BED807B8-2CB6-49FF-BECC-A0B72A091AE9,Reynolds Lake Oconee (Great Waters),Greensboro,GA,2
59741c32-f3c9-4c20-ab22-deb206d54884,649F84C1-42D2-4BE5-AECD-862ADC10986B,Kinderlou Forest,Valdosta,GA,3
d511fb30-30b8-46a0-a422-d0cf91487048,BED807B8-2CB6-49FF-BECC-A0B72A091AE9,Reynolds Lake Oconee (Oconee),Greensboro,GA,4
04229ebe-63ca-4c2a-bc82-ede84dc5add3,F55FEEAE-848E-4FD6-A65F-620230123D43,McLemore (Highlands),Rising Fawn,GA,5
870f7e37-cf97-4a77-beda-6d11223d43e2,59AC66CB-BE42-43E1-939E-B0B61F1BD556,Sea Island (Plantation),St. Simons Island,GA,6
08e0d8ba-ad65-4fdb-8627-f8f445b15ca9,BED807B8-2CB6-49FF-BECC-A0B72A091AE9,Reynolds Lake Oconee (The Preserve),Greensboro,GA,7
c272d8e3-da6c-4f94-bbfe-097f276dd478,3F7BC50D-CB58-497C-9CF9-3E077708B32E,Bear's Best Atlanta,Suwanee,GA,8
f1c8258f-9ce7-41cb-b8ad-763c66fbefcd,118A48AF-2A20-4BD6-B2DC-DFAB5A06E491,University of Georgia Golf Course,Athens,GA,9
87ecbbe2-42ee-4f98-9ffd-f115238e23ec,39BC030C-C4D3-4A95-A928-F592ADE934B2,Harbor Club,Greensboro,GA,9
7860b55f-fb19-44d4-82c1-3773154c6bda,BED807B8-2CB6-49FF-BECC-A0B72A091AE9,Reynolds Lake Oconee (National),Greensboro,GA,9
c3fe687e-e143-4191-bdb4-428986ff7fcb,F5FFDAD4-F0D2-4348-9A28-9B41BABC4CF8,Achasta,Dahlonega,GA,12
2acc2ba6-db18-42f6-9c2e-d2faf4bfd8d1,A988A758-9835-44E5-A7D5-137B46EE38FF,Cobblestone,Acworth,GA,12
692d23e0-92e6-45a3-b2db-e30c4cad1d2f,5A4D759B-F58D-41C5-BD1D-61B7900CB579,Woodmont G&CC,Canton,GA,14
04fedeb8-632a-4544-a769-6dc82a818c2f,39BCA6A5-449F-4768-ABEF-115F82D09B68,King and Prince Beach & Golf Resort,St. Simons Island,GA,15
90039c8e-5bd5-4005-8a92-31cbca8dcdeb,0D78ACFD-D87E-49F0-AFC5-FDA95EC2DB4D,Four Seasons Resort Lanai (Manele),Lanai,HI,1
95815ebf-6512-405c-a4fd-c122e7f36a8c,FF7C2D94-7D0E-4823-B5CF-9B1F04E82063,Kapalua (Plantation),Maui,HI,2
19fbdc93-4fa3-4388-8a32-9ff0e0de827e,41B80C57-4142-49E7-A6D9-592C7C5E4487,Princeville (Makai),Princeville,HI,3
bcf503c7-8426-403c-8f66-2c5164669c6c,5513A5CC-C67C-498C-81A3-EDFC92E8ED81,Mauna Kea Resort,Kohala Coast,HI,4
f276014f-3e7a-4092-b4b6-0cddd5ab9d61,DF6B8E31-87A5-40ED-816D-454C9A25E9F1,Four Seasons Resort Hualalai,Kailua-Kona,HI,5
c38562d0-00ff-4ab5-a81c-1e97c365796f,7542A647-A50A-4B53-BEE6-0415AAF43DDB,Mauna Lani (North),Waimea,HI,6
b57be382-e951-4c2e-b3f5-f12e1ae83fb7,A135435D-A355-4D91-A28A-E020E8B10E7D,Wailea (Gold),Maui,HI,7
b750d754-e4a3-48e4-94ec-125b34cc6ec5,C0A8E739-8222-4448-90CD-5441DB34FFB3,Ocean Course at Hokuala,Lihue,HI,8
80471580-4758-4639-b21b-cba38c205f37,B21D613A-A4A4-4545-B19E-023E53CE53BB,Grand Hyatt Kauai Resort & Spa (Poipu Bay),Koloa,HI,8
ffae66c2-2034-4d76-84c3-5a0efffa9dcc,A135435D-A355-4D91-A28A-E020E8B10E7D,Wailea (Emerald),Maui,HI,10
0fbf4baa-9472-4746-91f2-4809c9264a20,BEC81A9B-5AAF-4337-B354-F5E94C6BC595,Kapolei Golf Club,Kapolei,HI,11
fe3f4959-afa4-42e2-87b5-b38b2baab027,F48A9EED-AE9E-4CDD-8086-53E066537EFE,Turtle Bay Resort (Arnold Palmer),Kahuku,HI,12
a11df54a-d3a9-4691-bc76-b4fb8b5e666b,7542A647-A50A-4B53-BEE6-0415AAF43DDB,Mauna Lani (South),Waimea,HI,13
e69dcdf9-168b-4c53-9cbe-232ce54f67aa,646EEC83-733A-4765-9ADB-06B1C3A49988,Wailua Municipal,Kauai,HI,14
4b4cf674-826f-46c9-b140-fd129a80b6b1,41EB4745-458F-4835-B924-B20D0A592DE0,Ko Olina,Kapolei,HI,15
adc32bc6-c61f-464d-be1a-ebcea9c51545,24463329-7056-48CF-B0B1-2C6851080DE7,Coeur d'Alene Casino Resort (Circling Raven),Worley,ID,1
1453c183-165d-45f3-afff-2a5ce884b13d,4E83D3E5-047B-461A-921A-4F5F02C81F85,Coeur d'Alene Resort,Coeur d'Alene,ID,2
87ed535c-c49e-4b06-9117-4df7601fbc3b,3D77178F-57C5-4F52-9B48-A58597C9E8E4,Ridgecrest,Nampa,ID,3
3427a7c4-a55f-455f-8a04-f28ae22b3263,D5CF101B-C2C4-4A92-B8E6-C4B58CB135ED,Sun Valley (Trail Creek),Sun Valley,ID,4
c63f2021-3e24-47be-9f76-0b7f85f9e3f4,E823B173-4AF3-4638-9524-A6ABCC4BB64F,Pinecrest,Idaho Falls,ID,5
f2bcbdfc-9de4-4c7c-a3e3-d1d26d70b2bf,E3742920-D8D9-4451-AF85-EEB31992279E,Cog Hill GC (No. 4 - Dubsdread),Lemont,IL,1
5a9b7b74-b9d2-48ca-bdbb-0840ea60829d,8768E8E4-0425-4795-BCF8-326EE812F726,TPC Deere Run,Silvis,IL,2
7899ff76-2a62-4777-8784-e5e6677506ca,4525274C-CC73-411D-B1BA-604BF790351A,The Glen Club,Glenview,IL,3
a6db7da3-dbba-46e7-a0f1-7aabdc140fb4,CD85F4EE-9864-46F6-9604-114BF795AC8E,Mistwood,Romeoville,IL,4
60faa60e-555e-42d0-8aa7-a007e581c86e,772642A2-9C8A-42AC-A2CE-9B428D2926E1,Stonewall Orchard,Grayslake,IL,5
9f429842-8bf4-4cfb-a3d9-8f06a0434a02,CECDBBA6-CF2F-4B49-9720-6FA4E3E2891C,Highlands of Elgin,Elgin,IL,6
cea31124-ff49-44d2-af88-a2de73add8ac,C0470978-F78D-41B7-9761-C53B0319D304,Eagle Ridge (The General),Galena,IL,7
864d616b-7878-449c-a34f-21f7f8741029,231F601A-D4D6-41F4-AFFC-A65479A995C6,Preserve at Oak Meadows,Addison,IL,8
a597c83f-0119-4ba1-a7c6-b0a0cc64c04f,312BE472-0CCA-4913-8386-F949125AA0B7,Thunderhawk,Beach Park,IL,9
35da2811-4601-4fa2-a186-6bcfcdf48ea1,5402154B-E9A5-49BE-8B6C-E92E1B6335B8,Harborside International (Starboard),Chicago,IL,9
513db8dd-88fd-4bbd-852a-c7b23fc1db15,C459E9A1-A1F6-402D-99AD-906898ADB053,Ravisloe,Homewood,IL,11
3da9bf35-eaaf-4a67-a107-cf7ce901ed86,FED0A5CF-5CE8-4D79-954F-81CC9A7CF406,Cantigny,Wheaton,IL,12
6f6e0169-657a-4c35-97d4-24f089ba29df,CDC229BA-DD32-4BA9-851E-64AC0DFD9BEF,Annbriar,Waterloo,IL,13
87e711fa-76c7-44e7-8a8b-18451a71cc3d,2114E34E-2A80-4EE9-AE36-4EE6E94F99D0,Shepherd's Crook,Zion,IL,14
05b7033b-2ca1-4d6e-bfdd-5c35c568a766,C0470978-F78D-41B7-9761-C53B0319D304,Eagle Ridge (North),Galena,IL,15
1d8436e1-9ef4-46f3-b945-6e781f8e0945,27278E82-BA5D-4133-8464-48475687A9AE,French Lick Resort (Pete Dye),French Lick,IN,1
642bfa6c-f523-4c4e-a1df-c0415c427d94,27278E82-BA5D-4133-8464-48475687A9AE,French Lick Resort (Donald Ross),French Lick,IN,2
42a907f9-4574-4229-8aeb-c5ea7c9dd384,3DF35B52-2772-4F4C-9BCD-1A84F65FB52A,The PFAU Course at Indiana University,Bloomington,IN,3
652d0dcb-956f-42cc-b595-105566528de1,46C51EEC-C6D5-43A2-955C-F4A564052481,Warren GC at Notre Dame,South Bend,IN,4
0d11d4b7-1c15-4367-aa07-402d5f50675f,902E441F-697F-4883-BB92-D5B51EC62EE5,Coyote Crossing,West Lafayette,IN,5
ed0d63ba-aeaa-441f-a63c-09a247f27969,9B560BD1-3B77-4007-A843-C7835EF316A6,Birck Boilermaker Golf Complex (Kampen),West Lafayette,IN,6
1253af9e-98e9-4dbe-bf27-ef1568c09a66,9B560BD1-3B77-4007-A843-C7835EF316A6,Birck Boilermaker Golf Complex (Ackerman-Allen),West Lafayette,IN,6
2b788b9f-d30d-4a7b-8004-4fcce820dacc,F6521C3F-B970-4997-A4AA-EF6A9BD075F7,Rock Hollow,Peru,IN,8
afd6a083-9da0-4f3a-b5fb-d93bd5802a2e,1DF94FAA-D1E9-40D6-9FA4-7371153CA414,Chariot Run,Laconia,IN,9
c27ce92b-47b3-4196-8ebc-52b0b9d3203f,86774735-BCF1-4428-8280-5C1CDB8CED76,Brickyard Crossing,Indianapolis,IN,10
5c4d0552-efe7-4dee-acb5-544edb43f3a2,D40BF3C3-11B6-49A0-8789-970499866938,Spirit Hollow,Burlington,IA,1
be34702b-73f0-47eb-a6b0-27958c961203,60F1316A-768F-41A0-949F-75CDD9734008,Blue Top Ridge,Riverside,IA,2
62fb5cdb-f32f-4d61-bbcb-838a1972d28f,9E61555F-AD16-45E5-B731-A993A34515CB,Bent Tree,Council Bluffs,IA,3
22f99a0d-5a07-4b87-9643-57a2ddd21ffc,7AD3914E-59B3-49C5-9C6A-8696C8670A13,Tournament Club of Iowa,Polk City,IA,4
362d764c-3c62-4769-b642-34faf7bcd1ad,FD9EF2E7-F40A-4BE2-93AA-C7BDBFA600E5,Finkbine,Iowa City,IA,5
f77993aa-bce9-4708-bf5f-0212504c462c,5254E410-85E8-4A3B-85A7-B729D18D9C86,Firekeeper,Mayetta,KS,1
813bead7-dcd8-42d5-90fd-a0bde72d72a5,D48C2294-7BBF-4201-AC5B-509D158BF46F,Buffalo Dunes,Garden City,KS,2
70071d91-6927-4d2d-b507-d8325ed72f65,1F23A42D-2813-4B40-BE05-CCCAA1754695,Sand Creek Station,Newton,KS,3
,,Iron Horse,Leawood,KS,4
eba66cbd-509e-4d88-9da6-e68c78a2d3f5,C85D99DF-E37B-4286-BE20-4665B0AB6126,Colbert Hills,Manhattan,KS,5
0baba72c-45d5-459f-88b7-61b8627d222d,4A55B82A-96F7-449F-AA7A-108AD7B17F35,Park Mammoth,Park City,KY,1
ff4e37b3-653b-4fc5-a53e-ab387e4a3679,1272E61B-AF18-4CE8-A2AE-936F72909DE1,Lassing Pointe,Union,KY,2
dcf8825e-27e9-43b5-8b3e-7f3f2e093000,5DCC9744-73A9-4338-8119-1278ED15E52A,Nevel Meade Golf Course,Prospect,KY,3
6da46657-79d7-4bc5-a741-305dbe9f3cd0,6E98EFD0-4EFA-41BB-BE9C-63003785845E,Kearney Hill,Lexington,KY,4
1732c362-bede-4075-b9e2-52de87003a44,4446831D-B702-4A08-BE4C-71126E6685E6,Heritage Hill,Shepherdsville,KY,5
5ed3264e-6358-4a4f-9339-8539c6064993,BA2E2F65-2BAD-4260-84DC-8EB90C60F9A3,Bardstown Country Club (Maywood),Bardstown,KY,5
7bd96881-f400-4de5-9bb7-7140da070b27,7F8E4A43-94B4-4450-B8ED-54B21C6636EF,The Country Club at the Golden Nugget,Lake Charles,LA,1
511f93b4-8436-4c90-9ee1-3c1b745ee1ba,41DFCDCD-3ABF-440D-8BC9-9709D1EE9135,TPC Louisiana,Avondale,LA,2
41461025-0a33-42b5-8b1d-c68991a5e303,AEFC568D-18A9-40BE-AE2F-A148E0918B3F,English Turn Golf & Country Club,New Orleans,LA,3
19dba3ed-2ce3-4326-a4c8-c257b7447747,71C978A1-9B93-4F11-B34F-41F5EA8D7476,Carter Plantation,Springfield,LA,4
1e28c3e1-e303-4210-b762-7cf9d20877cd,8EF760C1-AE64-4611-A5CF-A7229D12FA6A,L'Auberge Casino Resort (Contraband Bayou),Lake Charles,LA,5
4d9a07c2-5931-4fab-b3ab-24d414ebf2ba,9DB0A56E-F1CE-412D-BB4C-4DDCF14F50F3,Boothbay Harbor,Boothbay,ME,1
28fef236-34ed-4761-a140-48c155c4a05d,0C6F6B93-FF6A-4360-A3E4-614CA2EDEFEB,Cape Arundel,Kennebunkport,ME,2
5dcad198-288f-4544-aee6-fca80c3f8e35,485F7526-7924-4435-A6DE-17567EB96F74,Belgrade Lakes Golf Club,Belgrade Lakes,ME,3
643af47a-b08e-44aa-93b7-65c495b976f9,9A772AB1-4C24-4A6C-890B-65EEA36F9CB8,Kebo Valley,Bar Harbor,ME,4
5210023d-2eeb-4284-a595-17d4ea17789f,3D99DA1A-C399-4D5D-9DF7-2563D35DF0A7,Sugarloaf,Carrabassett Valley,ME,5
65a9ddee-95ec-4ea5-8e62-ea98685d2856,56E9DA56-35F1-4744-B9FC-6BAF627246B6,Musket Ridge,Myersville,MD,1
f7267e80-9a44-4447-b1c2-fabc61f3e9be,33A41374-EFF6-4E65-9415-8EAB7EBE4FC8,Bulle Rock,Havre de Grace,MD,2
e4b0d8ec-3224-43d7-be13-0513172a0edf,A6C03F90-0182-496A-A0CB-EB99A79596F6,Queenstown Harbor (River),Queenstown,MD,3
6d49f523-98fb-476c-a6d3-20529dfcba69,B5481D37-BA0B-42A8-A7DF-440508030E03,Links at Perry Cabin,St. Michaels,MD,4
27f09468-1fc1-433d-8ee5-027004cf255c,556B60D8-89F3-48D3-8708-EBDE5042208E,Whiskey Creek,Ijamsville,MD,5
1a46d570-b04a-40f9-b8e5-ce3197af1588,939A6356-913F-4956-9854-EDFCE569D81F,Worthington Manor,Urbana,MD,6
2a064f0d-1007-463e-9115-8a16cd48ae97,84A01C23-7766-479D-AEF5-A31D2819741B,P.B. Dye Golf Club,Ijamsville,MD,7
6ddd90dd-2bae-47ae-950a-eef6b74630ef,3DF52727-E452-4C62-998D-D11107D19610,Rum Pointe (Seaside Golf Links),Berlin,MD,8
90ac7da6-b98c-4e68-89c0-421354c2e617,4FA66D6B-FBE6-4AA2-BEBA-669254A5D9ED,University of Maryland GC,College Park,MD,9
60765105-1457-475d-9827-51bc4178cbf3,678E171F-7CB7-45FC-AD31-1EDE6CDF7394,Links at Lighthouse Sound,Ocean City,MD,10
f2a0b174-72cd-4696-88a5-889e9d6fcc4b,3F8132A0-B78F-4874-8F63-72CA61E96E9A,Cape Cod National,Brewster,MA,1
d4c52e3b-7939-4aa6-bad3-ba3505a9201a,E25A19A8-FD9F-41CB-9390-1E03CF931553,Miacomet,Nantucket,MA,2
e3ad757c-4198-4ec8-a1a1-483a7a20c2bd,4D596439-AC37-4AB2-ADB2-6849432A567C,Red Tail,Devens,MA,3
1b38d0ec-f361-493d-b214-38f0f21a1c35,967DE25E-9639-4DD8-81DD-868D3756DBE6,Farm Neck,Oak Bluffs,MA,4
a3e2a295-994b-453c-a542-b7c186153b52,84ACF592-CDF4-4334-94C5-D23946B24831,The Ranch,Southwick,MA,5
abac06f9-e2dc-48d6-9e4a-6a0f16188f4a,B0F03441-9D75-4FE2-A02C-E6E45FE1DA70,George Wright Municipal,Boston,MA,5
d07367ec-6ec0-43e3-b331-6c8e00debefa,9ED7FC25-50BC-456F-B0EE-4BB56C9F2A7E,William J. Devine Golf Course,Dorchester,MA,5
35ce64a4-1476-4da8-8929-0b19d5cb8deb,7E66124E-A1A9-42E9-A3FC-2C03B11C1EA5,Crumpin-Fox,Bernardston,MA,8
7495e276-2685-417c-85d9-017bd649c98d,1C903ECA-E529-4E03-8D6E-86C807AFE812,Granite Links,Quincy,MA,9
46ba850d-2538-4130-ae96-a0bd88f5ee9f,BB3B6268-4A67-451B-94DA-022022AFC1D2,Pinehills (Nicklaus),Plymouth,MA,10
5a21a972-e65d-48a3-b84b-4d48b7bc5707,CC72C4A8-2449-4184-A3AD-6F9978019616,Arcadia Bluffs (Bluffs),Arcadia,MI,1
72249cb8-fb37-4c56-917d-4f880e1f4a2f,B0183023-1A00-4094-871B-57B58F765DE7,Marquette GC (Greywalls),Marquette,MI,2
defc7d0a-4a89-4d84-bf66-bc92f7ef04e8,448B64FF-46E1-418E-9A56-523AA0198DCE,Forest Dunes (The Loop Red & Black),Roscommon,MI,3
e88cb3fa-d74b-4180-8e64-2a13d96f96dd,448B64FF-46E1-418E-9A56-523AA0198DCE,Forest Dunes (Weiskopf),Roscommon,MI,4
0838fa82-4e78-4281-b90b-6cbcc444016f,CC72C4A8-2449-4184-A3AD-6F9978019616,Arcadia Bluffs (South),Arcadia,MI,5
c22e44d9-4851-4010-9e11-0affaa76f721,0526A823-2376-4567-A291-5970ADFB5F97,Belvedere,Charlevoix,MI,6
05838db9-b142-49ed-b176-4105f8a113b7,08B83FC5-B15B-4195-AD3D-72EC73AD875E,Boyne's Bay Harbor (Links/Quarry),Bay Harbor,MI,7
1ee470ff-e9a8-4ce3-98db-2f70858b4a35,09DB0B98-C571-4FBF-A179-84F5A4EFA79E,Eagle Eye,Bath,MI,8
0038f6eb-e419-40f5-bc90-b1145a533239,6FD17BA0-EEA4-4AD1-A900-715952DDC503,Island Resort and Casino (Sweetgrass),Harris,MI,9
3d7aa8d1-291b-4a70-816a-d3ec602c7778,D5B60346-64F4-40F5-947C-306683EE863A,Gull Lake View Resort (Stoatin Brae),Augusta,MI,9
abd5db1c-eb4c-4645-a6d0-58375d48559e,8F9A4EBC-695A-4DEC-944E-006E44CEA966,American Dunes,Grand Haven,MI,11
416c5583-ba53-4bf6-a6dd-811615dbac49,2A0CE426-13B5-4F51-944B-0D628AECBC83,Pilgrim's Run,Pierson,MI,12
2a4725d4-6492-4188-af18-89a61998309c,753FF235-79B2-4C51-BFE7-5B57D0BD9C5A,Sage Run,Bark River,MI,13
07c08cb4-1ec1-4351-95da-ac0d8795617e,AB6CB57E-C831-4F01-AD1C-E95683BBE76B,University of Michigan Golf Course,Ann Arbor,MI,14
6ece7825-54d5-413f-a1b2-e9660e4ffa42,19236F8D-A7D9-4554-882F-7A2A0B88194C,Harbor Shores,Benton Harbor,MI,14
69614655-0a67-433d-8bb6-23ab9906c11c,223BF9BD-3ACE-4963-A55B-1A239EA8E818,Boyne Highlands (Arthur Hills),Harbor Springs,MI,16
288b685c-a23d-48c4-9dba-7883fe6103aa,232BF43B-CD02-4E17-99D9-45D3A5A4BD30,Treetops (Jones Masterpiece),Gaylord,MI,17
7fe846b2-09fa-4c36-93b5-32125b374088,A22262A4-2407-46CC-AC97-9CEFE94A1D30,Tullymore Golf Resort (Tullymore),Stanwood,MI,18
6950b6a6-46fd-44ce-804b-420c0806301a,3467B28F-0952-4F66-AB5D-179CA8A00688,Hidden River Golf & Casting Club,Brutus,MI,19
3b17308a-e43b-4952-b085-7a399f5a0c39,07D140AB-FD3E-4E4A-8D01-6029B22589D1,Pine Mountain Resort (Timber Stone),Iron Mountain,MI,20
a5f6f07a-128c-4196-896e-f5917f1beaad,4551B137-BD9B-4476-A260-F00EF5927B61,Giants Ridge (Quarry),Biwabik,MN,1
,,Breezy Point Resort (Deacon's Lodge),Brainerd,MN,2
bc9e1085-86eb-4fd3-a511-9c577d11b284,49DE7CC3-9345-4BB3-910B-34440283AC5A,Madden's on Gull Lake (Classic),Brainerd,MN,3
21b1c8d9-146a-4ac0-a65e-8ae8eb832c42,9F22806F-0CC4-48B9-9207-4E8290FC9A61,Wilderness at Fortune Bay,Tower,MN,4
cbe8dc10-cbb9-43f3-8b21-f94eeb4f23c1,AAD0A2FC-09E9-4D7E-BB1B-B6D3B2CE9135,Dacotah Ridge,Morton,MN,5
d7fc1915-55c9-4ad6-be67-a7ebf7cfa5b4,4551B137-BD9B-4476-A260-F00EF5927B61,Giants Ridge (Legend),Biwabik,MN,6
2c83e9a5-7c35-40f4-8e2a-244607691ab3,4F34941D-DBC3-40AE-96DB-DD0E094C44F4,Meadows at Mystic Lake,Prior Lake,MN,7
e17e9ec2-845f-4ec7-b074-62bc6dc309dd,AB0F60D9-65E5-434B-8AE1-20F5892F59F4,Chaska Town Course,Chaska,MN,8
44986108-1a39-48f2-a577-3cd557ce3a7c,6381B008-3C92-4936-AD67-BA39E9D9B724,StoneRidge,Stillwater,MN,9
20c640d4-6a9e-47bd-a61c-4a46761bd86c,34CB97F2-1B8F-4910-B92C-207E9D66432D,The Wilds,Prior Lake,MN,10
f1e33eaf-4f68-47ee-a1d5-84307df7dd74,C71D079E-B6DC-4591-AE64-7CB3ABB113AE,Fallen Oak,Saucier,MS,1
88f14ab2-dba9-414e-a8aa-1ae83b6fbf84,005D68B6-DB01-4B62-B07F-5F4EC0CF1168,Mossy Oak,West Point,MS,2
ac02900d-6599-4ab2-9cd8-76542c4da052,A8E5472C-B83E-4FA0-A18B-6358724B2E96,Old Waverly,West Point,MS,3
7458f57b-c0f5-4602-8bcd-f9a6bf7a101b,E451174E-9F00-4FE0-83C2-6631578FF4B7,The Preserve,Vancleave,MS,4
fb854a1d-cae4-4c79-9e6b-7bcf4a91f303,C99809F9-BA5D-4E25-8ADD-4D3229E6D9C0,Dancing Rabbit (Oaks),Philadelphia,MS,5
b75ba3f0-a571-4d22-b8b9-2e3c0d8d4116,C99809F9-BA5D-4E25-8ADD-4D3229E6D9C0,Dancing Rabbit (Azaleas),Philadelphia,MS,6
98e71f37-cf78-42cb-a16f-ae629acd41b3,36C010E0-2A84-4EB4-AC65-A823AE71FD44,Shell Landing,Gautier,MS,7
55315e79-cc1a-4cd5-8045-4a74ddef1f7c,39AB9741-A847-45C5-8D2F-12EAB67B6B72,Grand Bear,Saucier,MS,7
5cd15316-21f0-4413-9a24-6dce38fea853,05CBA0A5-F289-4FFD-8844-51B7F11D220C,The Oaks,Pass Christian,MS,9
3217a378-79fb-445d-8c30-ed80189a7ed6,E6CD4118-B3A0-4A9D-A043-EAF2730F24A9,Windance,Gulfport,MS,10
a55a49e6-f4f1-4adb-a862-f0bff1e45e24,9898851D-B46E-4EBF-B11A-F466360025A4,Big Cedar Lodge (Ozarks National),Hollister,MO,1
aceaa70e-8577-417d-a2ea-b62ad3ce6cec,9898851D-B46E-4EBF-B11A-F466360025A4,Big Cedar Lodge (Buffalo Ridge),Hollister,MO,2
405f942c-1e12-47de-8578-d722d32e3a8c,9898851D-B46E-4EBF-B11A-F466360025A4,Big Cedar Lodge (Payne's Valley),Hollister,MO,3
b68bb544-948b-42e7-b78d-36f751826c65,EA9721A4-AFFD-456A-84F8-CFFF646DA94C,Branson Hills,Branson,MO,4
245d13ff-fe69-4bb8-86f6-e0adf85ae860,66085B06-CAB9-4C2F-8ED1-549363448EC2,Creekmoor,Raymore,MO,5
b14507ec-dbac-499b-a42a-9f14cf51d8c2,46EC700D-DCBA-48D9-9DD3-FC6087168BF6,Old Kinderhook,Camdenton,MO,6
2a7c904b-18f4-41e7-991e-4a16d41733b3,9B16CC60-3321-453A-AE1A-734744EEB869,Swope Memorial,Kansas City,MO,7
baccb93b-66cc-4586-972d-9ee427835929,44B2AF0E-91E0-4365-AC7B-080F67C7B7F3,Ledgestone,Branson,MO,8
efa2fd33-f5aa-4db5-a776-8463093363e3,89AB50D4-F9F2-48A3-A1AD-7A8A162C7997,Stone Canyon,Blue Springs,MO,9
e85eba74-8e8d-49f7-802a-58b2bf59402f,10E3940E-A065-4280-8900-1CA2E8DCF3A2,Missouri Bluffs,St. Charles,MO,10
eee7b218-8540-4966-98a8-4e0ee54ea86a,9E74A805-C97C-4ABE-BC7E-48A4BA11C29C,Wilderness Club Montana,Eureka,MT,1
a62dad45-e91f-4727-ab75-e6a86ed6faab,25E16E35-8264-4FF8-8A13-0CD6E44DE645,Old Works GC,Anaconda,MT,2
2a38e104-babc-479c-9846-86edda6450fa,AD038DD2-5B1A-401D-8040-4C480FD50485,Canyon River,Missoula,MT,3
c367b502-90cf-4bf3-92c1-0231d9e3eba7,576866C1-F65C-44F8-A942-F5DCBF80FBC6,Whitefish Lake (South),Whitefish,MT,4
3f93a228-42a3-4864-8873-2663892ef293,576866C1-F65C-44F8-A942-F5DCBF80FBC6,Whitefish Lake (North),Whitefish,MT,5
349bb0e9-2083-4b31-a0f1-78b417d3b685,7D466C0D-7BBB-4CDF-9E14-376511B70825,Landmand,Homer,NE,1
d312703c-0201-4c87-90a7-29f39c271dad,A1F3DD42-C35E-408C-B165-B280B54BA36D,Prairie Club (Dunes),Valentine,NE,2
07f0d6d8-8232-4034-a0b2-69f5950af7e1,8E9B1C96-02A4-4D7E-AD8E-1E78F8E9B83C,Wild Horse,Gothenburg,NE,3
2f7d7546-4b1c-42ec-a711-6e5dcfad150f,A1F3DD42-C35E-408C-B165-B280B54BA36D,Prairie Club (Pines),Valentine,NE,4
205f5f8f-c61c-4591-a3ce-fb2d96112730,8C1C89AC-AB24-493A-AA09-AEB54A945930,Quarry Oaks,Ashland,NE,5
737A395B-5118-4126-B05B-76AB8A1217F1,FB94F3B5-D560-455E-99CA-4A0E200B845C,Shadow Creek,North Las Vegas,NV,1
1770f7ce-e50a-4722-ad32-36d82a85bacb,CB0DC49F-D6E3-4E1A-9A04-0FA331091096,Cascata,Boulder City,NV,2
a556599d-06b8-4a26-9203-ad25fa6ebf00,E2374F43-8785-4E44-A0D8-A455FB989264,Wolf Creek,Mesquite,NV,3
372b1c76-58f2-4fbe-ad67-e00edd1ff570,0A03BAC0-D87D-4C02-BA5F-71083DF10708,Edgewood Tahoe,Tahoe,NV,4
2fb4140a-a946-4b9b-936f-6a533f1b66a2,6D1021D9-C3F8-419F-9E3E-1146F0548EC3,Incline Village (Championship),Incline Village,NV,4
78BDF6A1-73B6-41B6-8315-9FA5C912DE0E,1B68F614-3049-4A33-805E-44D92BC28033,Wynn Golf Club,Las Vegas,NV,6
fb8bbe4f-71fe-4098-8c4c-44c3ff0484bc,561819CA-47F1-4D69-8F77-E1599357628F,Conestoga,Mesquite,NV,7
9478a325-70fb-4c19-9faf-4bc4bdb993f5,D20B06D5-1C65-4594-893A-2FC94D5A5C0C,Paiute (The Wolf),Las Vegas,NV,8
5947ac0f-a562-4ac1-91c7-a7a247a927be,AE3A9640-13A8-4A29-B190-E3145B3347E3,Coyote Springs GC,Moapa,NV,9
f89c6860-7062-4687-971c-dd7de56a3187,D20B06D5-1C65-4594-893A-2FC94D5A5C0C,Paiute (Sun Mountain),Las Vegas,NV,10
08858fc0-78b6-4457-80ef-7f385286a707,D20B06D5-1C65-4594-893A-2FC94D5A5C0C,Paiute (Snow Mountain),Las Vegas,NV,11
,,Rio Secco,Henderson,NV,12
501be419-8725-4332-a972-73c38a13f11b,76FCC120-39EA-4AF0-95FB-8435EAF4984B,TPC Las Vegas,Las Vegas,NV,13
,,Bear's Best,Las Vegas,NV,14
d07ce999-4876-4686-bd9f-866a1d6e5742,68C017D7-01D1-4344-8783-6AFD90E2D764,Reflection Bay at Lake Las Vegas Resort,Henderson,NV,15
775f7bf1-2488-4d19-83fc-cbef4adefeb6,F7E54BF3-DF91-40AA-B957-676FE945A716,Omni Mount Washington Resort (Mount Washington),Bretton Woods,NH,1
7e5f3d51-8566-4588-a3c8-f1a41af80c42,671BD4DC-EF64-45B7-9AAD-527F1C1851A8,Country Club of New Hampshire,Sutton,NH,2
24021248-7f9a-4af1-af6a-2365d633bd84,2160F046-4D5D-4A2A-BC7A-792C828E7C93,Owl's Nest,Thornton,NH,3
307d6072-0a9f-4839-8010-c928f4132148,7707B363-86D1-4298-95FC-273F4B4404EA,Breakfast Hill,Greenland,NH,4
dfe4f2d1-a1ee-4c03-931d-9c662d7c859c,CA4AC432-6C55-4DB9-8277-DE151355C0F3,The Oaks Golf Links,Somersworth,NH,5
6c86d8e1-1863-46e3-85eb-719fff1f6683,ED6783A8-944F-4DAD-821D-F0C9578BC07C,Crystal Springs Resort (Ballyowen),Hamburg,NJ,1
71060db5-3752-4211-ab1a-201be0bdd638,00983CF3-C376-493A-86E7-94D0E84321AF,Seaview (Bay),Galloway,NJ,2
136a4df8-5c0f-4f2f-9438-5226dda32788,A720A103-0834-480F-9412-14BB0009A9C3,Neshanic Valley,Neshanic Station,NJ,3
58bf028e-3565-4f3d-9a76-d17f3ec5d6ae,6B065860-FC00-4ABE-B597-EF7F3BDCAC23,Rock Spring,West Orange,NJ,4
066b4a8d-1d59-4836-b7fe-95ff9d847050,1E18AABC-C86A-41D7-AAFD-198419CEFF07,Twisted Dune,Egg Harbor Township,NJ,5
0c5358e6-31da-4744-a7b8-62e0d53693ad,00983CF3-C376-493A-86E7-94D0E84321AF,Seaview (Pines),Absecon,NJ,6
eafc09df-53cf-4851-946b-43e6667e312b,1B6017EF-E7FB-43E8-A415-55B66F205C85,Architects,Lopatcong,NJ,7
,,Knoll (West),Boonton,NJ,7
1fad990a-40d6-4147-9b0a-94ac99e65463,615A1A5F-9BED-44A0-BCFC-3BE9FAB5D47C,Crystal Springs Resort (Crystal Springs),Hamburg,NJ,9
a30959cf-2d1f-4eb5-b12f-5ed43544405f,C71ED017-DFB2-4E47-9896-85956F72AB62,Shore Gate,Ocean View,NJ,10
9b129f4f-2fc4-4087-ba5e-666ba72a01f0,EF186DE7-3156-4ED3-AFAA-06E77D5E9EDD,Scotland Run,Williamstown,NJ,10
98596c31-0afc-43ba-ab14-c6c9cfacdcc6,B99033CB-46C9-4948-90C8-0B9BE16BE983,Crystal Springs Resort (Wild Turkey),Hamburg,NJ,12
50c8eb15-d52e-47d7-b415-b18716ed8835,3B1C388E-B2F7-41A2-953D-A5A46BBCE8DF,Heron Glen,Ringoes,NJ,13
369bb2aa-2d7a-4739-bf6d-cfb1639307b7,B8863F27-FA8A-4A58-ADFD-B52AFD04D961,RiverWinds,West Deptford,NJ,14
dd88ba33-9e94-43a1-a900-3ecc8205c355,10CBDF7F-B3C1-4AFA-A92D-0CFBDAB1145E,Ballamor,Egg Harbor Township,NJ,15
b3c0ac8c-c449-40d7-80eb-6242a53a03d8,4190DB46-1880-4881-ACB4-C4AE138F45C0,PaaKo Ridge,Sandia Park,NM,1
,,University of New Mexico (Championship),Albuquerque,NM,2
c8875bbe-5880-4b9c-9979-cb878da31b42,012BBF8E-5674-47A6-A392-C5E0A26D210A,Black Mesa,Espanola,NM,3
e143fae0-9cb7-43c1-b14b-adfaf56751bd,13DDC191-046F-483E-BCB5-0294F1765C82,Red Hawk,Las Cruces,NM,4
6e0c829d-5bb8-4de8-8154-11127bf50118,2B8AED78-55FF-4ACE-BD39-CF0149479D92,Rockwind Community Links,Hobbs,NM,5
0130bad8-f620-4279-a263-1bf9572acf88,493071A3-8FF1-4964-94D3-6140EC3DFFAD,Pueblo de Cochiti,Cochiti Lake,NM,6
,,Sandia,Albuquerque,NM,7
1600ff80-d47a-4d41-a280-58e10c791695,4B785740-3D5F-4643-ACBD-5D1EC5FF2BC1,Pi√±on Hills,Farmington,NM,8
5edb6067-24c1-41ba-b085-f261b74d0e38,28C73C65-8F90-4C63-9891-5CCED00F647E,Taos Country Club,Taos,NM,9
b1e8ce89-47b8-40da-84ed-01078b5bf20e,666B2AA0-B1AC-4DFC-BA77-16416F0C10DB,Twin Warriors,Santa Ana Pueblo,NM,10
9c1e7afa-d143-4ac0-941d-78f9e34ac9fc,E1FEC407-B0CD-4BB1-9F1F-747C33576CAD,Bethpage State Park (Black),Farmingdale,NY,1
e12f3ca7-3824-4a2e-9ae4-3d4fb9171091,501899EB-A0DB-49B4-9F79-4B53C298E245,Leatherstocking,Cooperstown,NY,2
7a857ccf-2453-4743-b431-fb5df8198c6a,F5FD1D06-2E18-4C1B-BC0E-AFB908FC93D0,Bally's Golf Links at Ferry Point,New York,NY,3
36c32bb8-d24b-486d-a2f7-0ef06da6b1fb,4484D281-7269-4AD6-B751-66671460C046,Turning Stone Resort Casino (Atunyote),Verona,NY,4
01aa735b-103b-4f7a-b7d3-cd46d3be8cc7,84353F5A-4872-404C-885F-13389DE68F54,Sagamore,Bolton Landing,NY,5
a9f03b08-a230-431d-84e0-f97d9d761879,E1FEC407-B0CD-4BB1-9F1F-747C33576CAD,Bethpage State Park (Red),Farmingdale,NY,6
74b8748c-6cf3-4a44-b0a1-926ed1b25929,1B1FBF27-BA8A-4A95-AD3E-C2481BD22020,Montauk Downs State Park,Montauk Point,NY,6
52873e5a-83b2-42b9-b1ac-a15973a58b58,D68B5349-35C2-4CF8-9055-919D7E8E47F8,Links at Union Vale,Lagrangeville,NY,8
2057dff6-d841-4328-9999-4fef27b21f29,1AB93BDF-0164-48DE-BF47-3B270E9F2DB2,Links at Greystone,Walworth,NY,9
d21b7cc7-8199-4134-9ab5-8d42f4f2bffd,4484D281-7269-4AD6-B751-66671460C046,Turning Stone Resort Casino (Shenendoah),Verona,NY,10
d61983db-4d59-48c9-af59-bd1e9baedbcb,F09A0EA9-A89A-42C8-BE42-A1BCCE8DEC07,Pound Ridge Golf Club,Pound Ridge,NY,11
56203111-f74a-4441-bdcd-e6d789953ced,05CAE185-8014-4471-A9A9-6A4763778C41,Ravenwood,Victor,NY,12
b0ab1d71-1c27-46e7-9425-4d1d8feeb2e5,E473FEDA-14AF-4ED9-98B4-32D8F977EE72,Mansion Ridge,Monroe,NY,13
8f57ae21-bab7-433d-9740-0064e0c19f25,4C5B9CF7-0A9B-4CB5-905B-CDF7492DB2D7,Saratoga National,Saratoga Springs,NY,14
c5181d1e-d33c-408f-b193-2c96f18578b7,4484D281-7269-4AD6-B751-66671460C046,Turning Stone Resort Casino (Kaluhyat),Verona,NY,15
b7a167d0-c542-4e1e-9319-97ce4ab2cb65,93E46179-A809-4BD0-BD0A-AA24F02E6124,Pinehurst Resort (No. 2),Pinehurst,NC,1
ae55901b-1a57-40be-a336-1ad101b9be9e,93E46179-A809-4BD0-BD0A-AA24F02E6124,Pinehurst Resort (No. 10),Aberdeen,NC,2
53ea5b8c-164a-4e04-ac16-d7569bc48197,93E46179-A809-4BD0-BD0A-AA24F02E6124,Pinehurst Resort (No. 4),Pinehurst,NC,3
dd965af2-9955-40dc-aaed-128d753a02e3,CFD0A3CB-9C50-4E19-881A-BB08A7F1C965,Mid Pines,Southern Pines,NC,4
f426ca98-5eb0-49f6-a260-2141b71d9f4f,0B8BFFE0-0A65-4AEA-8F65-F4D1EB5F0D2E,Pine Needles,Southern Pines,NC,5
45ce53b1-95e4-4036-a5af-43d13a406d7d,4560E6CA-B380-49C0-B530-94FEDBE047F8,Tobacco Road,Sanford,NC,6
2b0bb7b9-351a-423d-83f6-d0d41852fb57,93E46179-A809-4BD0-BD0A-AA24F02E6124,Pinehurst Resort (No. 8),Pinehurst,NC,7
8cefa50f-5ec7-4582-90d1-99cc80d07d31,FE410936-EBEF-4FD6-AC98-71CB96D8B7C1,Southern Pines Golf Club,Southern Pines,NC,8
5fcbcb41-f743-4150-969d-791250f4787c,C76BD70A-3F7D-460F-8A96-5249EC484B46,Bald Head Island Club,Bald Head Island,NC,9
38697350-8534-4292-8a4b-493faba67ba0,5CB7B123-619E-462D-ADDD-5473662F5CC6,Woodlake,Vass,NC,10
175f53f8-8748-4b4b-884b-7559d6a95cd0,A3715346-B760-4F70-B205-40CBACDB9637,Thistle Golf Club,Sunset Beach,NC,11
,,Tot Hill Farm,Asheboro,NC,12
2c4f5ae5-8cd0-4985-8917-1d0d35c595c2,2E7BF328-26E4-49B8-AA90-AFFBA0CFABB5,Duke University Golf Course,Durham,NC,13
,,Waynesville Inn & Golf Club,Waynesville,NC,14
981ea2c5-4711-4850-89c9-0a8b873f10f8,93E46179-A809-4BD0-BD0A-AA24F02E6124,Pinehurst Resort (No. 7),Pinehurst,NC,15
5bcf5620-1b11-4b5f-a736-0196bd2a94fa,7E373D81-E361-4A5A-A169-8F402C894E96,UNC Finley Golf Course,Chapel Hill,NC,16
6d8cd483-eed2-4719-bb1f-55140cd8cc8c,E0CABC76-033A-414F-B8E8-2317D8463E6B,Talamore (Mid South),Southern Pines,NC,17
76c95a8a-1f26-4c94-a306-166ce4b9f795,93E46179-A809-4BD0-BD0A-AA24F02E6124,Pinehurst Resort (No. 9),Pinehurst,NC,18
4bd9ffd9-d854-4294-bb68-01e4a9dc23ea,F88E3479-C289-49B2-BE2B-442D81546F9B,Currituck Club,Corolla,NC,19
2c9c00f2-9b0a-4190-9ef1-afa666dc8113,BF7E92A5-DBC1-4A16-8FC9-2FA037F276BA,Rock Barn CC (Jones Jr.),Conover,NC,19
2f37609b-8e70-423a-9c3e-3b9557ebfb20,71F272F2-FEA8-4B11-BACA-4C36680A8E7D,Minot Country Club,Minot,ND,1
566a32a8-ca42-47ae-9aae-d982266c39f7,C26F1693-6E5B-4D04-AC45-78BD044EC2C6,Links of North Dakota,Ray,ND,1
0f2e49ee-292e-44f4-a5ce-5e7138fbd444,FB258CF7-4AD0-445D-B831-E1F24220FF7B,Hawktree,Bismarck,ND,3
a5cf313d-9d76-456d-b4a7-30bdb3d5ed3c,E38D0709-0285-46C9-B1C3-16880AFA4392,Bully Pulpit,Medora,ND,4
11e7db68-97d8-491e-8eb4-97a11a39e316,F9336BE7-627E-410A-85D9-E5381E9C735F,Vardon,Minot,ND,5
50ced8b4-b6dc-4672-b5db-b4c7671592f2,DCFE91DD-558B-4CE3-9387-DC1D8523EB16,Firestone (South),Akron,OH,1
58e509ea-0449-45e6-b666-c92f572f065e,DCFE91DD-558B-4CE3-9387-DC1D8523EB16,Firestone (North),Akron,OH,2
66e41159-352c-4a66-8150-3f126ad22eb5,6990821A-E85E-4E67-BCC7-DCB4407B2A48,Manakiki,Willoughby,OH,3
47fb9ad0-ab8b-4df9-8e2f-8b2ce8d2f290,27DB34EC-CF83-455F-AF54-998333236CC6,Fowler's Mill (Lake & River),Chesterland,OH,4
b13bbcdc-11e4-4f70-9d9d-82fe37a3879b,DCFE91DD-558B-4CE3-9387-DC1D8523EB16,Firestone (Fazio),Akron,OH,5
64edc6ba-5ae9-4527-aeaf-7e0a7cd4ca0a,8409BD72-A288-487D-92DB-666815CEEF1B,The Virtues,Nashport,OH,5
f63b0c05-01d2-49e2-948a-7e3935578ba3,48CD5558-AF71-4E97-96EB-ADF9223CAAD6,Sleepy Hollow,Brecksville,OH,7
f75c75cc-42ad-402f-b25c-cd52eaeb3844,EE9F6A26-747B-4621-83AE-8EA73F381A6B,The Quarry,Canton,OH,8
541a0bf3-69df-45fc-b06f-f1a2efd3feee,0B928755-A666-4A7B-9387-5D3A9AED9ED2,Stonelick Hills,Batavia,OH,9
8c1313e9-c83e-456f-b2cc-a9e5280439db,494C51DA-E7CC-4786-A80E-D738549C4144,Pine Hills,Hinckley,OH,10
d402033b-413b-4a3b-89cc-2146d367b9f6,E079DB44-E698-440B-9455-76E01F83A9D4,Karsten Creek,Stillwater,OK,1
4299a3d0-d162-47e0-adc3-b55c1fc4024d,3A4235CD-1AF9-4BE2-873F-617E3B4E9725,Jimmie Austin GC at the University of Oklahoma,Norman,OK,2
04332749-889d-48c1-84fd-05c4a3b6e2f4,DCD385F3-7673-481E-A032-F24F805562B1,Shangri-La Resort,Monkey Island,OK,3
4a0afa1b-caff-41f7-ba5a-0a3edbb3d807,5276A0C3-8AE0-41A5-BFF1-CCE5602B4A5B,Cherokee Hills,Catoosa,OK,4
64e789a8-916f-4474-8809-76cb7d6bcd0d,C1740AF7-F13A-4378-A2ED-373787F892A4,Chickasaw Pointe,Kingston,OK,5
a8b910ff-e785-4ca7-bda9-c616c46ab196,F6B1DE76-FFC0-4819-BABA-BA7BFA4C5DC0,Bandon Dunes Golf Resort (Pacific Dunes),Bandon,OR,1
688efe7e-88f5-4c05-a88c-9233c723e3e5,F6B1DE76-FFC0-4819-BABA-BA7BFA4C5DC0,Bandon Dunes Golf Resort (Bandon Trails),Bandon,OR,2
ae13fbe4-3f3e-4367-b30a-e3e3936a0c6a,F6B1DE76-FFC0-4819-BABA-BA7BFA4C5DC0,Bandon Dunes Golf Resort (Old Macdonald),Bandon,OR,3
80aede67-d8c8-458a-a3fe-1d7799d1a1cf,F6B1DE76-FFC0-4819-BABA-BA7BFA4C5DC0,Bandon Dunes Golf Resort (Bandon Dunes),Bandon,OR,4
47dcf90f-0aad-42e7-bfc6-77640a0e9c5e,F6B1DE76-FFC0-4819-BABA-BA7BFA4C5DC0,Bandon Dunes Golf Resort (Sheep Ranch),Bandon,OR,5
10bf13de-0631-4668-83c3-89fcb0a98263,929ADF9D-43A8-4984-95F7-6FF17BD02CBF,Silvies Valley Ranch (Hankins),Seneca,OR,6
f7a966d3-3a67-42e9-b23c-ca9634fe26f6,B702FDD2-9234-49DA-A278-85D43C4019B6,Sunriver Resort (Crosswater),Sunriver,OR,7
4c125c87-6bc3-4dd3-96c3-1dd78fd3b75c,E5E6FF9C-26B0-4E14-9719-635E65298604,Pumpkin Ridge (Ghost Creek),North Plains,OR,8
0f6eddd9-69b8-4153-b545-00849f0dd31a,929ADF9D-43A8-4984-95F7-6FF17BD02CBF,Silvies Valley Ranch (Craddock),Seneca,OR,9
c17c2efb-9ce0-4f2c-9eb1-3af1c97d7331,B9406BD3-14CB-47AD-A51B-84793EBB3373,Juniper Preserve Pronghorn (Nicklaus),Bend,OR,10
7b824fcb-e4dd-4647-bf57-afc3c9fb8ca9,019908A3-33AC-408A-B13D-B3AD9144642B,Eagle Point,Medford,OR,10
c2b48454-bd4e-468c-805b-586e8cb821eb,E217E003-84EB-4FCA-B47A-7179E096360F,Brasada Ranch (Brasada Canyons),Powell Butte,OR,12
d6f40cb7-33dd-470e-9894-86cb263caacb,F2FE689D-0EBD-4F59-8B65-BAA476A7872D,Gearhart Golf Links,Gearhart,OR,13
f8783c1d-9875-4e2e-bac9-43d4138f153c,4CB8CA86-33E0-4762-9F85-9BAA6BFED4A8,Langdon Farms,Aurora,OR,14
191f39b4-cea2-467e-80bf-d4103fc2feaf,66175F94-A4EF-4A34-B480-89256E1AEC0C,Tetherow,Bend,OR,15
29e71311-6c5e-42cf-a37f-d779ac5f92d2,0FC9B29B-9777-4E04-AA98-E292DC69A938,Omni Bedford Springs (Old),Bedford,PA,1
b2c33a08-56f6-4b26-952b-1ad545ff07e6,6DA01E3C-EC98-45F6-935F-A99AFA619542,Nemacolin (Mystic Rock),Farmington,PA,2
bf8c458b-4710-4c09-8be8-f64d5d16c547,7AFA48D2-6BAA-4BDF-9BE0-F2625A21BB96,Olde Stonewall,Ellwood City,PA,3
cc9686dd-dcd3-4db9-a3d7-b78a3b9db52b,BB263727-12F8-4B79-AC32-784ACE4580D4,Golf Course at Glen Mills,Glen Mills,PA,4
3d76fd7a-722d-4643-9cfa-472f4608142c,B21A9174-ECD9-4320-AEB4-E4509E9DC160,Hershey Country Club (West),Hershey,PA,4
abd733e6-bc2e-4ec6-adae-802b2e991ac5,6DA01E3C-EC98-45F6-935F-A99AFA619542,Nemacolin (Shepherd's Rock),Farmington,PA,6
c0829d26-fda4-4184-9fe2-4bbdfaa744cb,F732F83A-AE58-4862-81C8-7BA9005AECE9,Jeffersonville Golf Course,Jeffersonville,PA,7
4a672a4b-8cec-4788-aaae-a841ecdcf331,76DBE4F2-A440-4C9F-A301-777D3EA29D31,Wyncote,Oxford,PA,8
02f870d6-41ba-44b8-a186-d694ddba1f60,5CA6011E-2AFA-4556-A621-8CDFC323E520,Penn National (Founders),Fayetteville,PA,8
cc5b8299-8816-4676-a9fa-4e21e05c9ae9,D693A450-2058-41E9-8575-7D0FC8C6E205,Links at Gettysburg,Gettysburg,PA,10
c06e4b34-ca43-4fa8-aa6d-9d6c7176d40e,1C979711-7D3D-41A9-AB81-8244EA58D614,Newport National,Newport,RI,1
b4441af3-b1d6-48e5-b437-de0dd7d5d5f4,505D9334-122D-40B0-B68E-9AD2B75525B3,Triggs Memorial,Providence,RI,2
ad5ce138-82d4-48a9-b753-7e094e9e909b,AC159CFC-78BA-404F-846D-E57C4DEE0238,Meadow Brook,Richmond,RI,3
983b1262-2019-43ef-91d4-807fd81620a9,D7A71989-F604-46D6-AB36-6E3EC03F342D,North Kingstown Golf Course,North Kingstown,RI,4
49cb90bf-5ab7-450b-a5c6-858ddf24a433,616B2DD8-1BE5-4C7D-A08D-869723809B4E,Montaup,Portsmouth,RI,5
5dbaa1fb-5daa-41c0-93bf-e76bd9b05b40,5F639001-D16A-499F-B89F-4A20EA732B55,Kiawah Island Golf Resort (Ocean),Kiawah Island,SC,1
967f069f-7e08-4946-ba42-6518043bc36c,82753178-06A7-4D34-B483-E3BA5A15253A,Sea Pines Resort (Harbour Town Golf Links),Hilton Head Island,SC,2
93b2a208-e5c4-4d70-b1c8-60038b9ea0ac,4D1DED31-9CCE-40CA-8A4B-6BFA533C516B,The Dunes Golf & Beach Club,Myrtle Beach,SC,3
81f48541-d203-43f6-87b9-0f3a855983da,775FE037-13A6-413D-9E15-5CB6EA302D7D,Caledonia Golf & Fish Club,Pawleys Island,SC,4
bb62ec9b-d3fa-4111-b4d9-9541717c310e,C52823F3-E0AF-4C3E-B30A-DE35FE896A22,True Blue,Pawleys Island,SC,5
2cd6ce47-c27a-4ab2-96ea-f1c3b8819b11,82753178-06A7-4D34-B483-E3BA5A15253A,Sea Pines Resort (Atlantic Dunes),Hilton Head Island,SC,6
3177f804-5a23-4789-8f05-04e6da732a1c,82753178-06A7-4D34-B483-E3BA5A15253A,Sea Pines Resort (Heron Point),Hilton Head Island,SC,7
4b1ec003-59ea-432f-ad77-0413ed32bb16,7E66BC5E-3FA2-47EB-B158-D015BD281C2D,TPC Myrtle Beach,Murrells Inlet,SC,8
84813add-3285-4aac-a331-eb7e87aa00b9,A50026C8-99CE-468D-BF14-811A620D0EB3,Tidewater,North Myrtle Beach,SC,9
bdc16fb8-aa71-40d1-a16a-c987636217ea,5F639001-D16A-499F-B89F-4A20EA732B55,Kiawah Island Golf Resort (Osprey Point),Kiawah Island,SC,10
7339c8d7-44f5-49bc-be34-415feafac25e,7F0B27ED-AF74-4049-91CD-D753E60FC1D8,Prestwick,Myrtle Beach,SC,11
42d3b438-21f0-4c0c-9e91-966af62f6205,B1E567CB-E994-4D9F-BD1A-73EF5978D039,Legends Golf Resort (Moorland),Myrtle Beach,SC,12
f08d69c9-f935-4578-85cc-4828f650093e,B1E567CB-E994-4D9F-BD1A-73EF5978D039,Legends Golf Resort (Heathlands),Myrtle Beach,SC,13
6f75723e-7a44-4236-8c24-a91546d9f3d5,5F639001-D16A-499F-B89F-4A20EA732B55,Kiawah Island Golf Resort (Cougar Point),Kiawah Island,SC,14
dc12b631-341b-4d6e-85f1-f24cdc14a322,22DE6F62-5A8A-4D5F-A05F-C2E42A2B0D9C,Barefoot Resort & Golf (Dye),North Myrtle Beach,SC,15
867f72d0-3d08-4247-9670-3af50b786b61,A6453E4D-E13E-466D-A839-B413181313D2,Heritage Club,Pawleys Island,SC,16
411385f1-9d2a-4f80-8565-10e4419a8ada,11EA61B9-B674-4E0D-825F-D7D1F7A96A8E,Palmetto Dunes (Robert Trent Jones),Hilton Head Island,SC,17
bcab7e24-af39-4662-83b0-c64393ae9add,F62A6EE9-3E5E-4C2A-9D82-350B8B76A410,Myrtle Beach National (King's North),Myrtle Beach,SC,18
d155762b-de66-46e1-a8e7-8cd7e11a0962,5F639001-D16A-499F-B89F-4A20EA732B55,Kiawah Island Golf Resort (Turtle Point),Kiawah Island,SC,19
a0e16614-ef26-4275-b6f4-264c7a83fdc1,236CD528-2052-4E9D-B203-F7543E53F3D9,Aiken Golf Club,Aiken,SC,20
6d198d00-7471-4d99-8092-0c9a0089d1f1,BCB98B1B-983A-4D7A-AB1D-968BC5589519,Hart Ranch,Rapid City,SD,1
755cb9a0-6a3e-482b-acac-3eaa45045630,9A4663E9-6A30-4C19-8495-D4CBAB99FBDB,Golf Club at Red Rock,Rapid City,SD,2
13d8db80-0d69-4ce6-be81-03e8c79e80af,E3C8170B-6616-461A-AF87-6ABE79267F83,Prairie Green GC,Sioux Falls,SD,3
a0059161-ecb5-404a-8143-f767d8d55306,2A06644B-0298-42F8-9772-9F733963C189,Willow Run,Sioux Falls,SD,4
f981bd98-54a8-4d89-bff8-006fa6b0c3e0,280F5268-9E13-46E4-A305-3026FB0A06B3,Meadowbrook,Rapid City,SD,5
92d05b47-c749-4bfd-a907-15f655b8c41c,AEC7D6C4-9706-4A71-BC60-8FAAD474626E,Sweetens Cove,South Pittsburg,TN,1
5ecbda8b-92e1-48b2-8c3c-1aa68dae6926,F423CBD5-04C8-4948-A088-6093541CB690,Course at Sewanee,Sewanee,TN,2
bc57b5de-c8f2-4551-b6ba-991b6b6a95c1,604FBEC0-37E1-40EC-9AAD-418C50E53354,Stonehenge,Fairfield Glade,TN,3
fcd7ee2c-4dde-419e-9816-ee51fb7da3eb,0922D670-1116-4F7C-A3AA-855C4B527E4A,Gaylord Springs Golf Links,Nashville,TN,4
7a7ab643-134c-4efe-b086-b780549d6b65,604FBEC0-37E1-40EC-9AAD-418C50E53354,Fairfield Glade (Heatherhurst Brae),Fairfield Glade,TN,5
,,Lajitas Golf Resort (Black Jack's Crossing),Lajitas,TX,1
b9f64149-70d1-4343-848f-72bc69bc2ff4,2bbe4135-5852-4d49-9893-0dbfdd7f2539,Omni PGA Frisco Resort (Fields Ranch East),Frisco,TX,2
566bf60e-d7da-43f1-a425-351bf58a82cb,8BE8116A-4743-4780-9078-ABCE8BDE9ACB,Omni Barton Creek (Fazio Canyons),Austin,TX,3
51a399a0-742c-4332-bbaf-22eab1933533,1B84FB4E-7AF0-45E7-97AE-0334FFDE33A4,The Rawls Course at Texas Tech,Lubbock,TX,4
e68ba934-69ae-4cd1-b93c-23dbcaf98c27,2bbe4135-5852-4d49-9893-0dbfdd7f2539,Omni PGA Frisco Resort (Fields Ranch West),Frisco,TX,5
d99ecbe0-424e-4055-ba69-1d59bc980110,2744F2D3-5A58-4D74-8644-C481464CA79D,TPC San Antonio (Oaks),San Antonio,TX,6
fb58cf33-78aa-462a-ab3f-1597c99e73da,2FE4BD90-E22C-473A-A422-A748B0D2EF6B,Pine Dunes Resort & Golf Club,Frankston,TX,7
84a6cd9b-0cc2-4737-9a7d-0e432dd58acd,A1448480-3A73-46E2-9123-2346F9D653EF,Memorial Park,Houston,TX,8
6fd4c4a3-844f-44d0-999e-d0327067fc02,2744F2D3-5A58-4D74-8644-C481464CA79D,TPC San Antonio (Canyons),San Antonio,TX,9
814587f3-a03c-47b6-82b9-d3e5624c5658,8BE8116A-4743-4780-9078-ABCE8BDE9ACB,Omni Barton Creek (Fazio Foothills),Austin,TX,10
f26728fc-dd9c-4696-bdf0-f4eef507028b,546F0F5A-BB19-425E-9EB0-4F7DFF7752F4,Golf Club of Houston (Tournament),Humble,TX,11
27664ddc-0a1e-4e98-ad7f-34f5ffa78916,B7FC6A6B-3506-4879-AD83-65BBACD7B0C9,La Cantera Resort & Spa,San Antonio,TX,12
b9c46614-d5e0-45ff-98d6-94c033bf55a7,46F6BF95-2FE2-4C8E-BC29-272051661AB5,Cowboys,Grapevine,TX,13
3c4214c2-6892-4714-8edb-5321957d416b,F5AC1996-F316-4C38-B8AC-E85F27FDB9EB,The Ritz-Carlton Dallas Las Colinas (TPC Las Colinas),Irving,TX,14
bf7ad764-66e8-4ec7-8810-f0e17948d357,545423B1-BDF4-4B89-83D7-735F6760AE00,Old American,The Colony,TX,15
a31253e9-83b0-4df3-86ca-95f3003fd42e,8BE8116A-4743-4780-9078-ABCE8BDE9ACB,Omni Barton Creek (Crenshaw Coore Cliffside),Austin,TX,16
23d34602-4e14-4386-91a9-c58720be8c54,410BE951-C4C3-4C5F-A5A2-3F12B4FE5A34,The Tribute,The Colony,TX,17
aa8a450b-78ec-4524-92b3-101f2cd7dee1,FC2816EF-882F-4632-8067-798D61414952,Texas Rangers Golf Club,Arlington,TX,18
7e144b00-b12e-42f0-96e9-f1acb3159572,65148A56-80E4-4232-A094-F553FCAC526C,Horseshoe Bay Country Club (Slick Rock),Horseshoe Bay,TX,18
7b72b2aa-2a69-4d7b-b0cf-f69a263fac1b,A2769D16-FFA6-4C88-9541-3F6ACD260D97,Texas Star,Euless,TX,20
7212d3f4-0cc4-4357-bd44-1fb59393ff0a,0dc44017-fbb7-452a-bc67-9906bc6215d2,Black Desert Resort,Ivins,UT,1
97484490-d872-4b8d-84bf-c4b64136f253,FDE7297E-B007-4026-92D5-85C2B7D82CC8,Sand Hollow (Championship),Hurricane,UT,2
1f244608-ca9e-46c8-abd0-c322d0e85d78,F0267149-831A-4CB3-8C2D-AB3110A46826,Hideout,Monticello,UT,3
741cd741-8d01-4a8f-953e-92eb8aa515e4,7D987BF3-14D8-4764-9E94-72DFE169B2E6,Soldier Hollow (Gold),Midway,UT,4
8c9b4997-1fe9-40eb-a515-09db793e1eb2,A7EF76F4-BF75-486B-A391-D3BD7C936195,Copper Rock,Hurricane,UT,5
2f3a7291-a72f-47c5-9953-3c8903194f4a,7D987BF3-14D8-4764-9E94-72DFE169B2E6,Soldier Hollow (Silver),Midway,UT,6
e0a482f0-5247-4c57-9b21-1b3221e1f599,F8C0F452-CF3C-449E-92DF-67349E27EE54,Sunbrook (Pointe Woodbridge),St. George,UT,7
0b1cb2e3-3c77-4e29-8f0a-e70703ed6b40,B543A506-0339-4A44-8DE5-3263347938D3,Thanksgiving Point,Lehi,UT,8
beeaf5e6-1cfc-44a3-8f34-a6dfd4230ef5,F082A33F-4BA7-4C08-90FD-22D78D3F122A,Green Spring,Washington,UT,9
60b6add5-72c0-4175-8e58-1e1e57ea05e0,35952525-4F1B-43B2-B9CE-80ED2C35D7E0,The Ledges of St. George,St. George,UT,10
469a0eb4-0e4d-4aa6-ba3d-34a5ed3e3e77,5646DCD7-9FA1-4726-B38B-12B662E296CC,Stowe Country Club,Stowe,VT,1
1392ca84-0f1a-487b-9ada-141ffd7b93b4,07F6DAE1-5263-4E82-9A7A-E129783643B6,Fox Run,Ludlow,VT,2
3a688e81-b5c5-45f7-93ae-6df1a318525b,865DE976-C584-4507-A173-07DB0842F961,Golf Club at Equinox,Manchester Village,VT,3
9f6d823e-9e35-45ea-8b92-9f87352b086f,3CF5D7F4-F25B-4743-A08D-AA9B99BFDED7,Green Mountain National,Killington,VT,4
d8501699-76a0-49b2-a393-1162db774839,993A72DF-0A81-4278-AD0C-FC9B454A6C4A,Woodstock Inn & Resort,Woodstock,VT,5
f3d7c169-77a5-4942-abdd-af43984ad45c,3382BD5A-94DB-409B-A3F3-DD92A24BAFF1,Omni Homestead Resort (Cascades),Hot Springs,VA,1
4f09e09a-85f8-4924-99f7-351e2b30dcd0,7D07F819-D555-4759-9DF1-88401E2C5D34,Primland (Highland),Meadows of Dan,VA,2
acbddb95-924e-4771-88b7-bfb09953f1c4,CC84C9FD-4A9B-4F74-B02B-0B10B4FDBCAE,Golden Horseshoe (Gold),Williamsburg,VA,3
8532a8d9-b8c0-45e3-9f6d-2005bfb83e27,8F2D1F78-E075-47B1-A706-267D4D442575,Keswick Hall (Full Cry),Keswick,VA,4
d63b32ad-1a02-40ff-bc4a-e750fe24b9a3,D2149239-7D78-4076-B9EA-0A8CD53BD77C,Pete Dye River Course of Virginia Tech,Radford,VA,5
cfe53e25-e2c9-4a53-b7b7-253ba1e842fb,5629525F-7AA5-423F-AA46-7D527741671D,Boar's Head Resort (Birdwood),Charlottesville,VA,6
5d052e0e-deb9-4d3b-a500-12398aa4d42b,0F9A01BE-D0CA-4BFA-BB45-BBD0546F95C2,Kingsmill Resort (River),Williamsburg,VA,7
71189c23-1f3e-4007-b2ac-cf0c35f77a6f,DFC30B10-0863-4B4B-B3F8-22786DACCAB3,Royal New Kent,Providence Forge,VA,8
406b23aa-2dd8-43ce-bf71-813f6c58e1f5,36BC8DDC-958C-4995-9CE5-B8B60C151494,The Club at Viniterra,New Kent,VA,9
b5899b95-807f-4e63-875e-907818cbfebe,3382BD5A-94DB-409B-A3F3-DD92A24BAFF1,Omni Homestead Resort (Old),Hot Springs,VA,9
1487e1e1-a5c5-442e-8744-cc3412835004,6B2E1449-B2F7-49AB-9B00-0EE1371F9BF9,Potomac Shores Golf Club,Potomac Shores,VA,11
cea1a2e9-6480-49f0-a644-b88a585f9dde,301FB4DB-355D-4FF4-9B58-32BDE178BFDF,Laurel Hill,Lorton,VA,12
f0394619-6ac0-40f0-8555-603bc28ada56,CC84C9FD-4A9B-4F74-B02B-0B10B4FDBCAE,Golden Horseshoe (Green),Williamsburg,VA,13
890fe224-e9d9-4e34-a8bb-64eda10372e9,12A7BF73-367A-4D7C-A288-498E99871504,Stonehouse,Toano,VA,14
255a7f74-101a-4716-9097-1cde1823743d,0D09E477-D74E-414D-A574-FE6B906A35C9,Lansdowne Resort (Robert Trent Jones Jr.),Leesburg,VA,15
52cc683f-579f-48c2-94b7-5e6acd416e0f,88554716-8422-43CA-BAEC-7AF8DAA3EC26,Chambers Bay,University Place,WA,1
973a086e-82c6-4054-aee9-59e9b6073200,61556E57-17E5-4C36-BB22-031CBBD60A13,Gamble Sands,Brewster,WA,2
0d28aee2-031d-4dbc-a3f7-3a264a3c2c76,FD7B5673-5BC9-47E2-A849-E92CE47B5867,Wine Valley,Walla Walla,WA,3
3b7ee2ea-6fec-43f0-832f-f46e68e730d3,5419E406-033D-40B1-A5B7-F3E2C7CC3A5B,Gold Mountain (Olympic),Bremerton,WA,4
dcee7e0a-0334-4308-ade4-a32ea2c55df3,7992B09B-6069-468E-A5D2-4647FA2B7C52,Palouse Ridge,Pullman,WA,5
c05280fe-6922-4e38-a3bc-5a23e6e12140,9F4B821A-56D7-4B06-8BD9-23ED52733396,Indian Canyon,Spokane,WA,6
960d2b4a-ba97-4d25-9095-60917974052f,2673F64A-B979-4B75-9ED5-07F261FD8521,Salish Cliffs,Shelton,WA,7
3f0dbb89-d060-45dd-8555-364161be916e,A3A2AA9C-4E59-443E-9734-3B823C3FF9F8,Kalispel,Spokane,WA,8
c969c8d3-8b7b-44ef-bbab-59ec70f4c7f5,829EDF60-E38B-4183-8F2C-0374B3D63674,White Horse,Kingston,WA,9
90984d0b-8a3b-4ced-a7c3-1449e5a82207,82C44EDD-12B3-4E66-B1C6-5F1BBA3B33BE,Suncadia (Roper Rider),Cle Elum,WA,10
028cf436-0ff0-44ac-837b-db7a1a81d6c7,1CCAC3D2-6F33-4C81-80F3-FDB2CE75DE38,The Greenbrier (Old White),White Sulphur Springs,WV,1
ee5dd47b-a2b6-48a6-ad48-e417cc5cb377,E4C42C79-A4E1-4BA6-8A31-0A2C3BA96269,Snowshoe Mountain (Raven),Snowshoe,WV,2
e5bb6246-c6be-42ff-b9e2-118c88cd122e,4E928C5A-DCC6-4A8A-AD76-75AEB58561C4,Stonewall Resort,Roanoke,WV,3
cb175c26-9772-4a06-82dc-7d6cf2514493,5BC6E4B6-3627-4877-91FF-1AA386AD040C,The Resort at Glade Springs (Stonehaven),Daniels,WV,4
9873eade-b8b7-46c0-a645-eb680e003403,AFA28BAC-A8FE-4D0E-BB33-49578FE740AF,The Resort at Glade Springs (Cobb),Daniels,WV,5
182319f7-89e6-4607-8eb2-1e62ba2b02b5,5D39FAC5-42D6-4E03-BE8E-6A0CB9263E77,Kohler Whistling Straits (Straits),Mosel,WI,1
b4b29179-414c-46b1-9c1b-00a0d3288262,4C9CEC6B-702A-4587-9140-EBF3CB584EBD,Sand Valley (Lido),Nekoosa,WI,2
5e6c1dff-84b3-4fcf-9c3c-81c267d45a96,4C9CEC6B-702A-4587-9140-EBF3CB584EBD,Sand Valley (Sand Valley),Nekoosa,WI,3
0686de25-c495-4075-b1fe-600a19c21857,4C9CEC6B-702A-4587-9140-EBF3CB584EBD,Sand Valley (Mammoth Dunes),Nekoosa,WI,3
a4f2047c-731b-4614-adcc-850dc11cc790,4C9CEC6B-702A-4587-9140-EBF3CB584EBD,Sand Valley (Sedge Valley),Nekoosa,WI,5
b72f8c08-7ef0-46dc-9bca-dc4e8fc1bbe9,58BCC069-A589-41B8-B5B2-E44180EF98DD,Erin Hills,Erin,WI,6
a74e143f-c452-46ac-a955-d95e013109b2,A06CC9CF-0657-41C8-A306-E8D00B545163,Lawsonia (Links),Green Lake,WI,7
8240d0f8-7170-4c03-907a-df17550c5e83,681BF49C-CEA5-4C26-9B26-781B659380BE,Kohler Blackwolf Run (River),Kohler,WI,8
9ef16d77-2b46-441f-ba12-88859bc269ae,5D39FAC5-42D6-4E03-BE8E-6A0CB9263E77,Kohler Whistling Straits (Irish),Mosel,WI,9
44a401af-6b77-4ec0-a720-8953b8c07ae7,4D695603-68F3-4C53-A174-017CFA63B7D2,SentryWorld,Stevens Point,WI,10
f2c5116d-ba8e-445f-b133-7318bcf2094e,1696F797-207E-4D90-BC90-549252192EBC,University Ridge,Madison,WI,11
1c4db851-e10b-4ca6-873e-af19c2bb2c3b,E4455AC4-BA78-40CF-96C4-1301DF656F35,The Bull at Pinehurst Farms,Sheboygan Falls,WI,12
55476757-2b55-4bde-bbbe-1ba175dab1f6,681BF49C-CEA5-4C26-9B26-781B659380BE,Kohler Blackwolf Run (Meadow Valleys),Kohler,WI,13
7d1b09fe-a908-489b-9439-c4b434c928b3,F6844577-C07A-4305-84EB-90061401328D,Wilderness Resort (Wild Rock),Wisconsin Dells,WI,14
ef4b8e8a-0748-46cf-9415-39fb17312987,E0207936-98CF-4C4D-850D-397821EC90DC,The Club at Lac La Belle,Oconomowoc,WI,15
cc749801-2929-47de-b108-85323d8a4ed5,AB73C5F2-251F-4892-AD10-32A01D6D9ABA,Geneva National GC (Arnold Palmer),Lake Geneva,WI,15
b9eef7c9-d401-4fbb-a084-4eec804b1775,923CB5C6-7A55-4A69-A835-D2E8091DB26C,Teton Pines,Wilson,WY,1
4e6ab7e2-77c5-4a83-92cc-780918e929a7,61BDBBED-593A-48BF-873E-2C354A329D99,Bell Nob,Gillette,WY,2
bec50009-071e-4be5-a950-632173240dca,5ECC0BF7-65A1-448B-AD71-9F05D6B0EA78,Jackson Hole Golf & Tennis Club,Jackson,WY,3
c5a2066d-080a-4b86-88ee-74815c78e2a6,12A61285-7FAB-40E4-8D45-D0A4235A5027,Buffalo Golf Club,Buffalo,WY,4
ad5ccad4-3172-43d8-abc1-a5dc5baac1cd,145EEB55-2EDB-4BA8-8997-6CDDB9254EB8,Cheyenne Country Club,Cheyenne,WY,5